stock,year,bbmsy,ffmsy,bbmsy.effEdepP,ffmsy.effEdepP
Arripis trutta,1951,1.8516733116416,0.211863840015202,1.8516733116416,0.211863840015202
Arripis trutta,1952,1.94143631360564,0.252585299546518,1.94143631360564,0.252585299546518
Arripis trutta,1953,1.88677696544835,0.311883141549404,1.88677696544835,0.311883141549404
Arripis trutta,1954,2.87845725854958,0.272578386976454,2.87845725854958,0.272578386976454
Arripis trutta,1955,2.7772297307579,0.282513624215736,2.7772297307579,0.282513624215736
Arripis trutta,1956,2.56217592349454,0.306226137448825,2.56217592349454,0.306226137448825
Arripis trutta,1957,2.37526125944912,0.412904703322024,2.37526125944912,0.412904703322024
Arripis trutta,1958,2.14368967530832,0.366006911146438,2.14368967530832,0.366006911146438
Arripis trutta,1959,2.3219957180004,0.337901241778247,2.3219957180004,0.337901241778247
Arripis trutta,1960,1.4865256406517,0.395858578752196,1.4865256406517,0.395858578752196
Arripis trutta,1961,1.66385863274446,0.306512460673573,1.66385863274446,0.306512460673573
Arripis trutta,1962,1.61758106909013,0.557805750348608,1.61758106909013,0.557805750348608
Arripis trutta,1963,1.21680041700521,0.419126585270792,1.21680041700521,0.419126585270792
Arripis trutta,1964,1.29836887200909,0.528763124834673,1.29836887200909,0.528763124834673
Arripis trutta,1965,1.38665073357003,0.41022499949188,1.38665073357003,0.41022499949188
Arripis trutta,1966,1.46709401118859,0.615022633254781,1.46709401118859,0.615022633254781
Arripis trutta,1967,1.45472184637066,0.835993574740126,1.45472184637066,0.835993574740126
Arripis trutta,1968,1.45713299899104,0.915378968838783,1.45713299899104,0.915378968838783
Arripis trutta,1969,1.05670272350341,0.723940696459026,1.05670272350341,0.723940696459026
Arripis trutta,1970,1.275096411145,0.646096633275074,1.275096411145,0.646096633275074
Arripis trutta,1971,1.0104575380889,0.62118809108994,1.0104575380889,0.62118809108994
Arripis trutta,1972,1.15181791405841,0.800396609267947,1.15181791405841,0.800396609267947
Arripis trutta,1973,0.939087444492352,0.584848268159067,0.939087444492352,0.584848268159067
Arripis trutta,1974,0.777009741097862,0.948178997148295,0.777009741097862,0.948178997148295
Arripis trutta,1975,1.01503874926156,0.603504584288632,1.01503874926156,0.603504584288632
Arripis trutta,1976,0.818456609417589,0.546664454749403,0.818456609417589,0.546664454749403
Arripis trutta,1977,0.856485725235252,0.730111845508667,0.856485725235252,0.730111845508667
Arripis trutta,1978,0.707244405334159,0.764919886955136,0.707244405334159,0.764919886955136
Arripis trutta,1979,0.536973324727134,0.80692694015332,0.536973324727134,0.80692694015332
Arripis trutta,1980,0.470794410293971,1.01784906049117,0.470794410293971,1.01784906049117
Arripis trutta,1981,0.596725091146488,0.767544910733178,0.596725091146488,0.767544910733178
Arripis trutta,1982,0.673538706671143,0.76475684718788,0.673538706671143,0.76475684718788
Arripis trutta,1983,0.797425993913799,0.930298556590787,0.797425993913799,0.930298556590787
Arripis trutta,1984,1.11109416588059,0.790541062362288,1.11109416588059,0.790541062362288
Arripis trutta,1985,0.813367673509091,1.13803149292426,0.813367673509091,1.13803149292426
Arripis trutta,1986,0.569396124815414,1.37796026759132,0.569396124815414,1.37796026759132
Arripis trutta,1987,0.543400789525603,1.08290959220139,0.543400789525603,1.08290959220139
Arripis trutta,1988,0.370814531704317,1.05794833998273,0.370814531704317,1.05794833998273
Arripis trutta,1989,0.360180217811791,1.00804001786559,0.360180217811791,1.00804001786559
Arripis trutta,1990,0.387920833154044,1.0694450603099,0.387920833154044,1.0694450603099
Arripis trutta,1991,0.393355246171371,1.30998504303019,0.393355246171371,1.30998504303019
Arripis trutta,1992,0.32529775662172,1.02448008763171,0.32529775662172,1.02448008763171
Arripis trutta,1993,0.383216571391299,1.50792476065464,0.383216571391299,1.50792476065464
Arripis trutta,1994,0.402779207668876,1.32462537954434,0.402779207668876,1.32462537954434
Arripis trutta,1995,0.444509369760477,2.13577575810395,0.444509369760477,2.13577575810395
Arripis trutta,1996,0.444492300614151,1.54761430100146,0.444492300614151,1.54761430100146
Arripis trutta,1997,0.387877098677389,1.7482214803897,0.387877098677389,1.7482214803897
Arripis trutta,1998,0.360938405859523,1.96891264946478,0.360938405859523,1.96891264946478
Arripis trutta,1999,0.369312407785945,1.78139557986385,0.369312407785945,1.78139557986385
Arripis trutta,2000,0.383764197824176,2.16307916408181,0.383764197824176,2.16307916408181
Arripis trutta,2001,0.340423121465108,2.26561270038289,0.340423121465108,2.26561270038289
Arripis trutta,2002,0.347304410822551,2.39015778195277,0.347304410822551,2.39015778195277
Arripis trutta,2003,0.277718100824094,2.23895975125101,0.277718100824094,2.23895975125101
Arripis trutta,2004,0.273323692538494,2.29361596191695,0.273323692538494,2.29361596191695
Arripis trutta,2005,0.227072982137072,1.97988680243933,0.227072982137072,1.97988680243933
Arripis trutta,2006,0.240373200905891,2.58354526362377,0.240373200905891,2.58354526362377
Arripis trutta,2007,0.188277518420125,2.43160818853353,0.188277518420125,2.43160818853353
Arripis trutta,2008,0.150043449730895,1.94525751378999,0.150043449730895,1.94525751378999
Arripis trutta,2009,0.139712519285236,2.6099685664275,0.139712519285236,2.6099685664275
Arripis trutta,2010,0.117970385246649,2.59383778057107,0.117970385246649,2.59383778057107
Arripis trutta,2011,0.102782173157762,1.42177111858517,0.102782173157762,1.42177111858517
Arripis trutta,2012,0.0964590419607082,2.81032346689425,0.0964590419607082,2.81032346689425
Arripis trutta,2013,0.0881358265371703,2.40137604497259,0.0881358265371703,2.40137604497259
Arripis trutta,2014,0.0730066291435636,2.34016817726812,0.0730066291435636,2.34016817726812
Arripis trutta,2015,0.0547899290318129,2.58480431885443,0.0547899290318129,2.58480431885443
Arripis trutta,2016,0.0370211169720449,5.81760235884572,0.0370211169720449,5.81760235884572
Arripis trutta,2017,3.3630318196683e-05,4135.29474681561,3.3630318196683e-05,4135.29474681561
Arripis trutta,2018,1.54538450684757e-09,105730347.22458,1.54538450684757e-09,105730347.22458
Arripis trutta,2019,1.56438714143274e-10,1093360697.17283,1.56438714143274e-10,1093360697.17283
Epinephelinae,1951,1.63751578892697,0.0123480756945241,1.63751578892697,0.0123480756945241
Epinephelinae,1952,1.19073320858203,0.0113208504737052,1.19073320858203,0.0113208504737052
Epinephelinae,1953,0.989649118829951,0.0136211030272727,0.989649118829951,0.0136211030272727
Epinephelinae,1954,0.917361307367049,0.0146944420918756,0.917361307367049,0.0146944420918756
Epinephelinae,1955,0.934966334646511,0.0144177518579093,0.934966334646511,0.0144177518579093
Epinephelinae,1956,0.898938676731819,0.0149955864146826,0.898938676731819,0.0149955864146826
Epinephelinae,1957,0.850128632738903,0.0158565563954749,0.850128632738903,0.0158565563954749
Epinephelinae,1958,1.02362957685009,0.0197534043270517,1.02362957685009,0.0197534043270517
Epinephelinae,1959,1.04289539706816,0.0193884918559355,1.04289539706816,0.0193884918559355
Epinephelinae,1960,1.37918378988341,0.0244349460661293,1.37918378988341,0.0244349460661293
Epinephelinae,1961,1.57708811521116,0.0213686738211003,1.57708811521116,0.0213686738211003
Epinephelinae,1962,1.72463253085587,0.0312648923576612,1.72463253085587,0.0312648923576612
Epinephelinae,1963,1.83063362259317,0.0294545286223624,1.83063362259317,0.0294545286223624
Epinephelinae,1964,1.9061635572144,0.0318233482684943,1.9061635572144,0.0318233482684943
Epinephelinae,1965,1.92159907800346,0.0315677226494989,1.92159907800346,0.0315677226494989
Epinephelinae,1966,1.96850297318219,0.0376634530688699,1.96850297318219,0.0376634530688699
Epinephelinae,1967,1.85069307083504,0.0473448208866292,1.85069307083504,0.0473448208866292
Epinephelinae,1968,1.51029137496682,0.0490902752775152,1.51029137496682,0.0490902752775152
Epinephelinae,1969,1.48870936623485,0.0407470444626573,1.48870936623485,0.0407470444626573
Epinephelinae,1970,1.93993235748668,0.0361335204773138,1.93993235748668,0.0361335204773138
Epinephelinae,1971,2.0020350378312,0.0370326282734265,2.0020350378312,0.0370326282734265
Epinephelinae,1972,2.08175309767572,0.0388521942111665,2.08175309767572,0.0388521942111665
Epinephelinae,1973,1.97232092497056,0.0375905454369628,1.97232092497056,0.0375905454369628
Epinephelinae,1974,1.83929304817931,0.0398695643755422,1.83929304817931,0.0398695643755422
Epinephelinae,1975,2.04175955010714,0.0406695752512026,2.04175955010714,0.0406695752512026
Epinephelinae,1976,2.3147701508353,0.0353778901402698,2.3147701508353,0.0353778901402698
Epinephelinae,1977,2.25429045577599,0.0411108399742886,2.25429045577599,0.0411108399742886
Epinephelinae,1978,2.002464837388,0.0515989400734801,2.002464837388,0.0515989400734801
Epinephelinae,1979,2.75340100281542,0.0830817998290798,2.75340100281542,0.0830817998290798
Epinephelinae,1980,2.05597939638152,0.0491740553145516,2.05597939638152,0.0491740553145516
Epinephelinae,1981,2.00954684373682,0.0479624575315024,2.00954684373682,0.0479624575315024
Epinephelinae,1982,2.25788200106285,0.058478566611294,2.25788200106285,0.058478566611294
Epinephelinae,1983,2.15525028838094,0.0644530991035152,2.15525028838094,0.0644530991035152
Epinephelinae,1984,2.1432162127625,0.0623305829594191,2.1432162127625,0.0623305829594191
Epinephelinae,1985,1.94616474174171,0.065386172246507,1.94616474174171,0.065386172246507
Epinephelinae,1986,1.82638040281881,0.080229082521642,1.82638040281881,0.080229082521642
Epinephelinae,1987,2.17709499089178,0.0650447424407408,2.17709499089178,0.0650447424407408
Epinephelinae,1988,1.9761450042491,0.0958750407000172,1.9761450042491,0.0958750407000172
Epinephelinae,1989,1.80719407125167,0.0682138303600858,1.80719407125167,0.0682138303600858
Epinephelinae,1990,1.85515087310204,0.0747703923987751,1.85515087310204,0.0747703923987751
Epinephelinae,1991,1.6581882487011,0.0875538787025787,1.6581882487011,0.0875538787025787
Epinephelinae,1992,1.91403680307956,0.0841962630888404,1.91403680307956,0.0841962630888404
Epinephelinae,1993,1.66615458896949,0.0876206928911781,1.66615458896949,0.0876206928911781
Epinephelinae,1994,1.35669325928831,0.0830153316325418,1.35669325928831,0.0830153316325418
Epinephelinae,1995,1.19613282201029,0.0852556254675818,1.19613282201029,0.0852556254675818
Epinephelinae,1996,1.11358931711302,0.0927856091611085,1.11358931711302,0.0927856091611085
Epinephelinae,1997,1.00198362366671,0.111259833632588,1.00198362366671,0.111259833632588
Epinephelinae,1998,0.860353691903792,0.116492366089483,0.860353691903792,0.116492366089483
Epinephelinae,1999,0.80253308711126,0.132779933788431,0.80253308711126,0.132779933788431
Epinephelinae,2000,0.695591149356174,0.14660487267151,0.695591149356174,0.14660487267151
Epinephelinae,2001,0.607371372424022,0.131833458950364,0.607371372424022,0.131833458950364
Epinephelinae,2002,0.593768014088116,0.145410529379234,0.593768014088116,0.145410529379234
Epinephelinae,2003,0.49374654156909,0.149203709196563,0.49374654156909,0.149203709196563
Epinephelinae,2004,0.478301840591515,0.161349252990194,0.478301840591515,0.161349252990194
Epinephelinae,2005,0.441020184688643,0.152828748846827,0.441020184688643,0.152828748846827
Epinephelinae,2006,0.589171857530632,0.153294413713237,0.589171857530632,0.153294413713237
Epinephelinae,2007,0.662102802625354,0.164301537946524,0.662102802625354,0.164301537946524
Epinephelinae,2008,0.637467512237027,0.143900927560171,0.637467512237027,0.143900927560171
Epinephelinae,2009,0.648848219347956,0.149583227458416,0.648848219347956,0.149583227458416
Epinephelinae,2010,0.705577478001984,0.144720964305763,0.705577478001984,0.144720964305763
Epinephelinae,2011,0.760414968879525,0.169827638952282,0.760414968879525,0.169827638952282
Epinephelinae,2012,0.691908263735549,0.143683542599206,0.691908263735549,0.143683542599206
Epinephelinae,2013,0.783334617913847,0.163309862386413,0.783334617913847,0.163309862386413
Epinephelinae,2014,0.957290347889057,0.0704780568967184,0.957290347889057,0.0704780568967184
Epinephelinae,2015,3.18490769755073,0.511454950124822,3.18490769755073,0.511454950124822
Epinephelinae,2016,0.356460973681888,4.57239511706012,0.356460973681888,4.57239511706012
Epinephelinae,2017,0.00354594555300876,576.582084737919,0.00354594555300876,576.582084737919
Epinephelinae,2018,5.78852970813145e-05,33627.334725833,5.78852970813145e-05,33627.334725833
Epinephelinae,2019,8.41145849722899e-06,123166.993555561,8.41145849722899e-06,123166.993555561
Gymnocephalus cernua,1951,1.67119006401735,0.194342694837763,1.67119006401735,0.194342694837763
Gymnocephalus cernua,1952,1.62847742938401,0.199440025859049,1.62847742938401,0.199440025859049
Gymnocephalus cernua,1953,1.72591958639967,0.225816022845932,1.72591958639967,0.225816022845932
Gymnocephalus cernua,1954,1.80070398273037,0.216437737957193,1.80070398273037,0.216437737957193
Gymnocephalus cernua,1955,2.30594536748301,0.169015407844671,2.30594536748301,0.169015407844671
Gymnocephalus cernua,1956,1.77583486203345,0.182890643477584,1.77583486203345,0.182890643477584
Gymnocephalus cernua,1957,1.63428774342997,0.317969544281678,1.63428774342997,0.317969544281678
Gymnocephalus cernua,1958,1.45344965061786,0.312839879031808,1.45344965061786,0.312839879031808
Gymnocephalus cernua,1959,1.38740509630875,0.374550829016067,1.38740509630875,0.374550829016067
Gymnocephalus cernua,1960,1.18448780934362,0.383876481709072,1.18448780934362,0.383876481709072
Gymnocephalus cernua,1961,1.17401445561477,0.331972315067096,1.17401445561477,0.331972315067096
Gymnocephalus cernua,1962,0.830284027921691,0.391171658980602,0.830284027921691,0.391171658980602
Gymnocephalus cernua,1963,0.805003017677463,0.484147622051307,0.805003017677463,0.484147622051307
Gymnocephalus cernua,1964,0.789004385566255,0.411637231134188,0.789004385566255,0.411637231134188
Gymnocephalus cernua,1965,1.11936868783789,0.406208443936718,1.11936868783789,0.406208443936718
Gymnocephalus cernua,1966,0.978768255093257,0.464560441669403,0.978768255093257,0.464560441669403
Gymnocephalus cernua,1967,0.830050950424063,0.62605039936172,0.830050950424063,0.62605039936172
Gymnocephalus cernua,1968,0.63818412305388,0.610701963075576,0.63818412305388,0.610701963075576
Gymnocephalus cernua,1969,0.966936990583663,0.537422535350401,0.966936990583663,0.537422535350401
Gymnocephalus cernua,1970,1.10739506035387,0.527914983603222,1.10739506035387,0.527914983603222
Gymnocephalus cernua,1971,1.40411868298955,0.370092453934984,1.40411868298955,0.370092453934984
Gymnocephalus cernua,1972,1.7171809087241,0.453930386452124,1.7171809087241,0.453930386452124
Gymnocephalus cernua,1973,1.79609352761272,0.506317745582522,1.79609352761272,0.506317745582522
Gymnocephalus cernua,1974,1.26245217952104,0.597367160871419,1.26245217952104,0.597367160871419
Gymnocephalus cernua,1975,1.40243424025764,0.465487064078522,1.40243424025764,0.465487064078522
Gymnocephalus cernua,1976,1.04085036649346,0.541071749539653,1.04085036649346,0.541071749539653
Gymnocephalus cernua,1977,1.16293272380292,0.447406187404687,1.16293272380292,0.447406187404687
Gymnocephalus cernua,1978,0.883282916222121,0.862625401395018,0.883282916222121,0.862625401395018
Gymnocephalus cernua,1979,0.890473043656076,0.848365499574513,0.890473043656076,0.848365499574513
Gymnocephalus cernua,1980,0.924501493494345,0.793953170852306,0.924501493494345,0.793953170852306
Gymnocephalus cernua,1981,1.05316505203482,0.668585423946009,1.05316505203482,0.668585423946009
Gymnocephalus cernua,1982,1.08873233239768,0.667029043477702,1.08873233239768,0.667029043477702
Gymnocephalus cernua,1983,1.1706542825206,0.742423168595173,1.1706542825206,0.742423168595173
Gymnocephalus cernua,1984,1.68318416915536,0.578487602583045,1.68318416915536,0.578487602583045
Gymnocephalus cernua,1985,1.44303859257213,0.711218757464195,1.44303859257213,0.711218757464195
Gymnocephalus cernua,1986,1.56224924577641,0.925547895037578,1.56224924577641,0.925547895037578
Gymnocephalus cernua,1987,2.00653354634902,0.920029408750308,2.00653354634902,0.920029408750308
Gymnocephalus cernua,1988,1.54513935989168,1.25361460923276,1.54513935989168,1.25361460923276
Gymnocephalus cernua,1989,1.44541567490005,1.1199002432003,1.44541567490005,1.1199002432003
Gymnocephalus cernua,1990,1.51998985617437,1.3542710996745,1.51998985617437,1.3542710996745
Gymnocephalus cernua,1991,1.60727179709839,1.25284236525773,1.60727179709839,1.25284236525773
Gymnocephalus cernua,1992,1.28436759889067,1.26437158998618,1.28436759889067,1.26437158998618
Gymnocephalus cernua,1993,0.853059525838042,1.14218376604432,0.853059525838042,1.14218376604432
Gymnocephalus cernua,1994,0.806135003076771,0.882328690428897,0.806135003076771,0.882328690428897
Gymnocephalus cernua,1995,0.741026753087918,0.931801570639863,0.741026753087918,0.931801570639863
Gymnocephalus cernua,1996,0.778408119147015,1.08649489021268,0.778408119147015,1.08649489021268
Gymnocephalus cernua,1997,0.637442689480619,1.31147936956597,0.637442689480619,1.31147936956597
Gymnocephalus cernua,1998,0.526195929101023,1.24433440536705,0.526195929101023,1.24433440536705
Gymnocephalus cernua,1999,0.45691497588134,1.51546486862595,0.45691497588134,1.51546486862595
Gymnocephalus cernua,2000,0.398517427338406,1.86304340633859,0.398517427338406,1.86304340633859
Gymnocephalus cernua,2001,0.37183088600857,1.73296691644266,0.37183088600857,1.73296691644266
Gymnocephalus cernua,2002,0.299898076598603,1.8627253799514,0.299898076598603,1.8627253799514
Gymnocephalus cernua,2003,0.26656742884114,1.77154173818217,0.26656742884114,1.77154173818217
Gymnocephalus cernua,2004,0.202561765877961,1.89519572283284,0.202561765877961,1.89519572283284
Gymnocephalus cernua,2005,0.151484334724697,1.9939271643649,0.151484334724697,1.9939271643649
Gymnocephalus cernua,2006,0.142984370319258,2.19423240585928,0.142984370319258,2.19423240585928
Gymnocephalus cernua,2007,0.14732524918771,1.47703805165797,0.14732524918771,1.47703805165797
Gymnocephalus cernua,2008,0.141554167504926,1.86765136831001,0.141554167504926,1.86765136831001
Gymnocephalus cernua,2009,0.123317641716286,1.71191505505263,0.123317641716286,1.71191505505263
Gymnocephalus cernua,2010,0.137083086705952,1.81010408768703,0.137083086705952,1.81010408768703
Gymnocephalus cernua,2011,0.0972253838077811,1.77715796149786,0.0972253838077811,1.77715796149786
Gymnocephalus cernua,2012,0.122402900284264,1.41691440033006,0.122402900284264,1.41691440033006
Gymnocephalus cernua,2013,0.142758577968427,1.93379653581444,0.142758577968427,1.93379653581444
Gymnocephalus cernua,2014,0.104469394035642,1.85289687798692,0.104469394035642,1.85289687798692
Gymnocephalus cernua,2015,0.0705281543163818,1.67622738031655,0.0705281543163818,1.67622738031655
Gymnocephalus cernua,2016,0.0651598563668444,1.71463778414059,0.0651598563668444,1.71463778414059
Gymnocephalus cernua,2017,0.022421251574552,4.92507820297551,0.022421251574552,4.92507820297551
Gymnocephalus cernua,2018,0.000619001053731725,163.703238540223,0.000619001053731725,163.703238540223
Gymnocephalus cernua,2019,5.32962781912741e-05,1986.61990813855,5.32962781912741e-05,1986.61990813855
Lates calcarifer,1951,1.46469167232282,0.00272559215389606,1.46469167232282,0.00272559215389606
Lates calcarifer,1952,0.766001729609195,0.00521167508589925,0.766001729609195,0.00521167508589925
Lates calcarifer,1953,0.572392191560468,0.00697450487414316,0.572392191560468,0.00697450487414316
Lates calcarifer,1954,0.536896591701103,0.00743560713863212,0.536896591701103,0.00743560713863212
Lates calcarifer,1955,0.604523843468491,0.0088050613125084,0.604523843468491,0.0088050613125084
Lates calcarifer,1956,0.59096722334462,0.00900704691622006,0.59096722334462,0.00900704691622006
Lates calcarifer,1957,0.514623955081164,0.0103432214028471,0.514623955081164,0.0103432214028471
Lates calcarifer,1958,0.479088160717708,0.0111104175453621,0.479088160717708,0.0111104175453621
Lates calcarifer,1959,0.393901150577671,0.0101349085274449,0.393901150577671,0.0101349085274449
Lates calcarifer,1960,0.434096756232837,0.0122619425973279,0.434096756232837,0.0122619425973279
Lates calcarifer,1961,0.477877892943726,0.0139231945681365,0.477877892943726,0.0139231945681365
Lates calcarifer,1962,0.43172575420346,0.0154116052111429,0.43172575420346,0.0154116052111429
Lates calcarifer,1963,0.422745831520749,0.0157389769151161,0.422745831520749,0.0157389769151161
Lates calcarifer,1964,0.417328049682075,0.0159433014108095,0.417328049682075,0.0159433014108095
Lates calcarifer,1965,0.428233838993254,0.0186447298949809,0.428233838993254,0.0186447298949809
Lates calcarifer,1966,0.395900139176444,0.0201674702022813,0.395900139176444,0.0201674702022813
Lates calcarifer,1967,0.348671219855073,0.0228992351684164,0.348671219855073,0.0228992351684164
Lates calcarifer,1968,0.320871040205236,0.0248832186750572,0.320871040205236,0.0248832186750572
Lates calcarifer,1969,0.362265284542356,0.0257132605138822,0.362265284542356,0.0257132605138822
Lates calcarifer,1970,0.427664952369502,0.0186695314069634,0.427664952369502,0.0186695314069634
Lates calcarifer,1971,0.450136472641037,0.0177375190529985,0.450136472641037,0.0177375190529985
Lates calcarifer,1972,0.525379271949806,0.017730089734989,0.525379271949806,0.017730089734989
Lates calcarifer,1973,0.672641450354234,0.0197834578281271,0.672641450354234,0.0197834578281271
Lates calcarifer,1974,0.827652886622804,0.0133127547269838,0.827652886622804,0.0133127547269838
Lates calcarifer,1975,1.95802194690213,0.0444473651435928,1.95802194690213,0.0444473651435928
Lates calcarifer,1976,1.74459875033485,0.017162193294563,1.74459875033485,0.017162193294563
Lates calcarifer,1977,1.51882551926139,0.0219212466090623,1.51882551926139,0.0219212466090623
Lates calcarifer,1978,1.16382011068507,0.025738039645005,1.16382011068507,0.025738039645005
Lates calcarifer,1979,1.23820794698097,0.0256748781218543,1.23820794698097,0.0256748781218543
Lates calcarifer,1980,1.61112613050137,0.037448791075523,1.61112613050137,0.037448791075523
Lates calcarifer,1981,1.29912556674129,0.0252289461666013,1.29912556674129,0.0252289461666013
Lates calcarifer,1982,1.17515643603541,0.021141435012631,1.17515643603541,0.021141435012631
Lates calcarifer,1983,1.44401584119298,0.0333689387844999,1.44401584119298,0.0333689387844999
Lates calcarifer,1984,1.78705576725307,0.0340971724517687,1.78705576725307,0.0340971724517687
Lates calcarifer,1985,1.88422615908534,0.037896880948665,1.88422615908534,0.037896880948665
Lates calcarifer,1986,1.88060333378402,0.043432568214495,1.88060333378402,0.043432568214495
Lates calcarifer,1987,2.39068714815058,0.0385630131177396,2.39068714815058,0.0385630131177396
Lates calcarifer,1988,2.05740177919109,0.0451462975437503,2.05740177919109,0.0451462975437503
Lates calcarifer,1989,2.27927573928172,0.0443363108032288,2.27927573928172,0.0443363108032288
Lates calcarifer,1990,2.1960517881767,0.0419687213221555,2.1960517881767,0.0419687213221555
Lates calcarifer,1991,1.97417050596468,0.0469148582329839,1.97417050596468,0.0469148582329839
Lates calcarifer,1992,2.42279323771802,0.0443079372615938,2.42279323771802,0.0443079372615938
Lates calcarifer,1993,2.80887579352685,0.0560877880698932,2.80887579352685,0.0560877880698932
Lates calcarifer,1994,2.88791586400766,0.0604507959594375,2.88791586400766,0.0604507959594375
Lates calcarifer,1995,2.79587102694771,0.0584143338739627,2.79587102694771,0.0584143338739627
Lates calcarifer,1996,2.93555084710389,0.0634136703861514,2.93555084710389,0.0634136703861514
Lates calcarifer,1997,2.86399438500162,0.0693331132156171,2.86399438500162,0.0693331132156171
Lates calcarifer,1998,3.41734799500063,0.108965971289333,3.41734799500063,0.108965971289333
Lates calcarifer,1999,3.03187333560344,0.0902792521011911,3.03187333560344,0.0902792521011911
Lates calcarifer,2000,2.60825324705097,0.0943197220975577,2.60825324705097,0.0943197220975577
Lates calcarifer,2001,2.43637681178393,0.0848501526788573,2.43637681178393,0.0848501526788573
Lates calcarifer,2002,2.57811058665465,0.0885214277763702,2.57811058665465,0.0885214277763702
Lates calcarifer,2003,2.19365395156801,0.105145682950792,2.19365395156801,0.105145682950792
Lates calcarifer,2004,1.80454653076521,0.0849734604774865,1.80454653076521,0.0849734604774865
Lates calcarifer,2005,1.597659166366,0.0967682895540473,1.597659166366,0.0967682895540473
Lates calcarifer,2006,1.97965971183747,0.0848310100617115,1.97965971183747,0.0848310100617115
Lates calcarifer,2007,2.09464442831966,0.0935853236494444,2.09464442831966,0.0935853236494444
Lates calcarifer,2008,1.99801638402553,0.0851905224644804,1.99801638402553,0.0851905224644804
Lates calcarifer,2009,2.05794596608046,0.0976273006379139,2.05794596608046,0.0976273006379139
Lates calcarifer,2010,1.95984527114664,0.0860689040854157,1.95984527114664,0.0860689040854157
Lates calcarifer,2011,1.79134125336506,0.0912827474586365,1.79134125336506,0.0912827474586365
Lates calcarifer,2012,1.59386149794765,0.0920645898734054,1.59386149794765,0.0920645898734054
Lates calcarifer,2013,1.50240184329265,0.0981828009999905,1.50240184329265,0.0981828009999905
Lates calcarifer,2014,1.53665227496989,0.091032312848096,1.53665227496989,0.091032312848096
Lates calcarifer,2015,1.4885020749365,0.0996717994695493,1.4885020749365,0.0996717994695493
Lates calcarifer,2016,1.49593644733021,0.0847834634921706,1.49593644733021,0.0847834634921706
Lates calcarifer,2017,1.48350391835268,0.126392915887292,1.48350391835268,0.126392915887292
Lates calcarifer,2018,1.44402246956023,0.102548424831006,1.44402246956023,0.102548424831006
Lates calcarifer,2019,1.41530613962637,0.104365850378854,1.41530613962637,0.104365850378854
Leiognathidae,1951,1.69428996003092,0.0673245683362121,1.69428996003092,0.0673245683362121
Leiognathidae,1952,1.75793235752118,0.0519097744381034,1.75793235752118,0.0519097744381034
Leiognathidae,1953,1.43481972772623,0.0476996536880168,1.43481972772623,0.0476996536880168
Leiognathidae,1954,1.39208041993899,0.0491641166250118,1.39208041993899,0.0491641166250118
Leiognathidae,1955,2.23334699238346,0.0306447696442528,2.23334699238346,0.0306447696442528
Leiognathidae,1956,1.77526269456533,0.038552268532874,1.77526269456533,0.038552268532874
Leiognathidae,1957,1.5681496648906,0.0436440511065954,1.5681496648906,0.0436440511065954
Leiognathidae,1958,1.46143528546471,0.0624412678850508,1.46143528546471,0.0624412678850508
Leiognathidae,1959,1.56595754785912,0.0728419109134893,1.56595754785912,0.0728419109134893
Leiognathidae,1960,2.02978107902687,0.0449574947265336,2.02978107902687,0.0449574947265336
Leiognathidae,1961,1.4514298063094,0.0628717088209745,1.4514298063094,0.0628717088209745
Leiognathidae,1962,1.15983437579523,0.0786783648258401,1.15983437579523,0.0786783648258401
Leiognathidae,1963,1.29852045617663,0.0878440841288865,1.29852045617663,0.0878440841288865
Leiognathidae,1964,2.62059731183064,0.0609381210736602,2.62059731183064,0.0609381210736602
Leiognathidae,1965,2.0511739084617,0.0778550641731828,2.0511739084617,0.0778550641731828
Leiognathidae,1966,1.59889199373973,0.12841468539197,1.59889199373973,0.12841468539197
Leiognathidae,1967,1.48846829557241,0.153268081738474,1.48846829557241,0.153268081738474
Leiognathidae,1968,1.53735973040916,0.163233200054761,1.53735973040916,0.163233200054761
Leiognathidae,1969,1.05309629014733,0.151642615939044,1.05309629014733,0.151642615939044
Leiognathidae,1970,0.922613431475132,0.0840718210755893,0.922613431475132,0.0840718210755893
Leiognathidae,1971,0.842460235921842,0.0839466931561459,0.842460235921842,0.0839466931561459
Leiognathidae,1972,1.0383784830079,0.0593197612561467,1.0383784830079,0.0593197612561467
Leiognathidae,1973,1.33101424901822,0.0805575897198865,1.33101424901822,0.0805575897198865
Leiognathidae,1974,1.56690025054022,0.113128226638952,1.56690025054022,0.113128226638952
Leiognathidae,1975,1.50295391876765,0.0974497374683733,1.50295391876765,0.0974497374683733
Leiognathidae,1976,1.03775014453974,0.117832013161285,1.03775014453974,0.117832013161285
Leiognathidae,1977,0.715614254506434,0.0793801060552075,0.715614254506434,0.0793801060552075
Leiognathidae,1978,0.594618516215627,0.093998076365834,0.594618516215627,0.093998076365834
Leiognathidae,1979,0.442861450234165,0.173086306272127,0.442861450234165,0.173086306272127
Leiognathidae,1980,0.406119024688702,0.13987410577695,0.406119024688702,0.13987410577695
Leiognathidae,1981,0.328358373940017,0.0833728140337036,0.328358373940017,0.0833728140337036
Leiognathidae,1982,0.398126452278755,0.158726721388608,0.398126452278755,0.158726721388608
Leiognathidae,1983,0.557169284291959,0.0843473347965527,0.557169284291959,0.0843473347965527
Leiognathidae,1984,0.592565299846225,0.194037482361626,0.592565299846225,0.194037482361626
Leiognathidae,1985,0.589287667036728,0.173437087745402,0.589287667036728,0.173437087745402
Leiognathidae,1986,0.587719553296727,0.27016582426332,0.587719553296727,0.27016582426332
Leiognathidae,1987,1.0652728075152,0.138987315295377,1.0652728075152,0.138987315295377
Leiognathidae,1988,0.343452471919355,0.378616485408082,0.343452471919355,0.378616485408082
Leiognathidae,1989,0.28970691178267,0.273251106121468,0.28970691178267,0.273251106121468
Leiognathidae,1990,0.158888493710924,0.0732266284876801,0.158888493710924,0.0732266284876801
Leiognathidae,1991,0.109227549007467,0.200507376724448,0.109227549007467,0.200507376724448
Leiognathidae,1992,0.0765958003025656,0.250187517816109,0.0765958003025656,0.250187517816109
Leiognathidae,1993,0.0762989967343235,0.490361461951962,0.0762989967343235,0.490361461951962
Leiognathidae,1994,0.060237151703152,0.143916463673055,0.060237151703152,0.143916463673055
Leiognathidae,1995,0.0576967302437163,0.134437066026563,0.0576967302437163,0.134437066026563
Leiognathidae,1996,0.0777256054377104,0.296448031375562,0.0777256054377104,0.296448031375562
Leiognathidae,1997,0.0645519675345844,0.275661699404563,0.0645519675345844,0.275661699404563
Leiognathidae,1998,0.071115284827543,0.275884186658287,0.071115284827543,0.275884186658287
Leiognathidae,1999,0.0754485588698966,0.253991771875755,0.0754485588698966,0.253991771875755
Leiognathidae,2000,0.099446096492814,0.369342637250646,0.099446096492814,0.369342637250646
Leiognathidae,2001,0.0864599983408618,0.187341691170264,0.0864599983408618,0.187341691170264
Leiognathidae,2002,0.188324539346416,0.737737210669643,0.188324539346416,0.737737210669643
Leiognathidae,2003,0.170308189107645,0.348280474429497,0.170308189107645,0.348280474429497
Leiognathidae,2004,0.149235444741185,0.47542248240438,0.149235444741185,0.47542248240438
Leiognathidae,2005,0.135221024124019,0.320553623632669,0.135221024124019,0.320553623632669
Leiognathidae,2006,0.175605731990348,0.258526876561684,0.175605731990348,0.258526876561684
Leiognathidae,2007,0.176317759505487,0.645647981430515,0.176317759505487,0.645647981430515
Leiognathidae,2008,0.110548335560954,0.398287256809672,0.110548335560954,0.398287256809672
Leiognathidae,2009,0.166415867417393,0.309816837591769,0.166415867417393,0.309816837591769
Leiognathidae,2010,0.16346019035293,0.362871331383934,0.16346019035293,0.362871331383934
Leiognathidae,2011,0.152240375930854,0.428575653422173,0.152240375930854,0.428575653422173
Leiognathidae,2012,0.112696354361985,0.28947927801741,0.112696354361985,0.28947927801741
Leiognathidae,2013,0.199183068625845,0.113389825322585,0.199183068625845,0.113389825322585
Leiognathidae,2014,1.40623411177183,1.04606509460022,1.40623411177183,1.04606509460022
Leiognathidae,2015,1.47976483292117,0.875837221203822,1.47976483292117,0.875837221203822
Leiognathidae,2016,0.612566405280858,2.56786628802176,0.612566405280858,2.56786628802176
Leiognathidae,2017,4.8377534955845e-05,29642.986196924,4.8377534955845e-05,29642.986196924
Leiognathidae,2018,3.34106021473051e-06,472785.411068725,3.34106021473051e-06,472785.411068725
Leiognathidae,2019,2.57524846421735e-07,6473084.56942645,2.57524846421735e-07,6473084.56942645
Lutjanidae,1951,1.40805785943006,0.00362828719497312,1.40805785943006,0.00362828719497312
Lutjanidae,1952,0.918927767728098,0.00694945576868099,0.918927767728098,0.00694945576868099
Lutjanidae,1953,0.724466163096008,0.00881483249562461,0.724466163096008,0.00881483249562461
Lutjanidae,1954,0.67152308807061,0.00950979644614645,0.67152308807061,0.00950979644614645
Lutjanidae,1955,0.667069012777574,0.00957329414815514,0.667069012777574,0.00957329414815514
Lutjanidae,1956,0.623646131178663,0.0102398580816493,0.623646131178663,0.0102398580816493
Lutjanidae,1957,0.545123475402198,0.0117148649151965,0.545123475402198,0.0117148649151965
Lutjanidae,1958,0.523106381118085,0.0122079334279763,0.523106381118085,0.0122079334279763
Lutjanidae,1959,0.466668067867735,0.0136843472183941,0.466668067867735,0.0136843472183941
Lutjanidae,1960,0.481914492235833,0.0132514128114538,0.481914492235833,0.0132514128114538
Lutjanidae,1961,0.54389297195895,0.0164379160753149,0.54389297195895,0.0164379160753149
Lutjanidae,1962,0.49592270282359,0.0180279446294983,0.49592270282359,0.0180279446294983
Lutjanidae,1963,0.500790097175676,0.0178527232815439,0.500790097175676,0.0178527232815439
Lutjanidae,1964,0.523992643592567,0.0194996565834376,0.523992643592567,0.0194996565834376
Lutjanidae,1965,0.541294500101954,0.0212359190337708,0.541294500101954,0.0212359190337708
Lutjanidae,1966,0.517732573555675,0.0246692914551664,0.517732573555675,0.0246692914551664
Lutjanidae,1967,0.454487514023608,0.0252919735370187,0.454487514023608,0.0252919735370187
Lutjanidae,1968,0.433044507726004,0.0294937252984617,0.433044507726004,0.0294937252984617
Lutjanidae,1969,0.505058925373188,0.0278171607754187,0.505058925373188,0.0278171607754187
Lutjanidae,1970,0.669296038919059,0.0244260859366319,0.669296038919059,0.0244260859366319
Lutjanidae,1971,0.689268228767523,0.0231624192509861,0.689268228767523,0.0231624192509861
Lutjanidae,1972,0.680469872933095,0.0234619052600844,0.680469872933095,0.0234619052600844
Lutjanidae,1973,0.645438105266272,0.0227564967050569,0.645438105266272,0.0227564967050569
Lutjanidae,1974,0.609600445745691,0.0168241230155528,0.609600445745691,0.0168241230155528
Lutjanidae,1975,0.985383943321196,0.0276469699202409,0.985383943321196,0.0276469699202409
Lutjanidae,1976,1.4343983274027,0.0235425687031841,1.4343983274027,0.0235425687031841
Lutjanidae,1977,1.60312364248099,0.0265062291165918,1.60312364248099,0.0265062291165918
Lutjanidae,1978,1.51321045816324,0.0371039815557477,1.51321045816324,0.0371039815557477
Lutjanidae,1979,1.51849621845561,0.0323151228736452,1.51849621845561,0.0323151228736452
Lutjanidae,1980,1.77103881711982,0.0352144419187429,1.77103881711982,0.0352144419187429
Lutjanidae,1981,1.7656870919769,0.0342072166069569,1.7656870919769,0.0342072166069569
Lutjanidae,1982,1.63040293542673,0.0297915804079949,1.63040293542673,0.0297915804079949
Lutjanidae,1983,1.6676314210231,0.0377733205665735,1.6676314210231,0.0377733205665735
Lutjanidae,1984,1.84038191366715,0.039737958593201,1.84038191366715,0.039737958593201
Lutjanidae,1985,1.74771011130924,0.0432627850395614,1.74771011130924,0.0432627850395614
Lutjanidae,1986,1.59267214414007,0.0477227796725342,1.59267214414007,0.0477227796725342
Lutjanidae,1987,1.94139658486745,0.0408676204724535,1.94139658486745,0.0408676204724535
Lutjanidae,1988,1.85892879965654,0.048293975037435,1.85892879965654,0.048293975037435
Lutjanidae,1989,2.51948438771108,0.0605429985280457,2.51948438771108,0.0605429985280457
Lutjanidae,1990,2.3720859698239,0.0487120415306317,2.3720859698239,0.0487120415306317
Lutjanidae,1991,2.15581229830452,0.0583977315349459,2.15581229830452,0.0583977315349459
Lutjanidae,1992,2.53703011835355,0.0539019336967175,2.53703011835355,0.0539019336967175
Lutjanidae,1993,2.62748684573966,0.0625167443727115,2.62748684573966,0.0625167443727115
Lutjanidae,1994,2.40368263225696,0.0589751279386216,2.40368263225696,0.0589751279386216
Lutjanidae,1995,2.37783354626681,0.0596699512215583,2.37783354626681,0.0596699512215583
Lutjanidae,1996,2.65685021688044,0.0647918747784797,2.65685021688044,0.0647918747784797
Lutjanidae,1997,3.17343288838752,0.0965443554962719,3.17343288838752,0.0965443554962719
Lutjanidae,1998,3.153913959539,0.103524021268579,3.153913959539,0.103524021268579
Lutjanidae,1999,3.20431443572124,0.108428597672047,3.20431443572124,0.108428597672047
Lutjanidae,2000,2.65728888305336,0.114955591042322,2.65728888305336,0.114955591042322
Lutjanidae,2001,2.17586896849398,0.0899324738131127,2.17586896849398,0.0899324738131127
Lutjanidae,2002,2.34112996944309,0.0972447535021786,2.34112996944309,0.0972447535021786
Lutjanidae,2003,2.03388557635575,0.12642197510327,2.03388557635575,0.12642197510327
Lutjanidae,2004,1.6040656253266,0.0937882549802307,1.6040656253266,0.0937882549802307
Lutjanidae,2005,1.43317513766377,0.108580738364426,1.43317513766377,0.108580738364426
Lutjanidae,2006,1.84497630156437,0.0978583548252635,1.84497630156437,0.0978583548252635
Lutjanidae,2007,2.08682469627941,0.10487830300817,2.08682469627941,0.10487830300817
Lutjanidae,2008,2.23233217489264,0.107242177255034,2.23233217489264,0.107242177255034
Lutjanidae,2009,2.29287561559263,0.109808103790844,2.29287561559263,0.109808103790844
Lutjanidae,2010,2.36681485220179,0.106091696301465,2.36681485220179,0.106091696301465
Lutjanidae,2011,2.25399149120877,0.105429685296023,2.25399149120877,0.105429685296023
Lutjanidae,2012,2.19827067846924,0.119960414153051,2.19827067846924,0.119960414153051
Lutjanidae,2013,2.11187978031212,0.115729515763894,2.11187978031212,0.115729515763894
Lutjanidae,2014,2.27549623060962,0.11288631742232,2.27549623060962,0.11288631742232
Lutjanidae,2015,2.23383007619003,0.134826186270313,2.23383007619003,0.134826186270313
Lutjanidae,2016,1.96859199372874,0.121570915141297,1.96859199372874,0.121570915141297
Lutjanidae,2017,1.83358014997971,0.13518256198337,1.83358014997971,0.13518256198337
Lutjanidae,2018,1.72754294836196,0.148352244220767,1.72754294836196,0.148352244220767
Lutjanidae,2019,1.65362461137272,0.158219936797216,1.65362461137272,0.158219936797216
Pagrus auratus,1951,1.84389809053849,0.216074729893749,1.84389809053849,0.216074729893749
Pagrus auratus,1952,1.96112905683018,0.203158369652979,1.96112905683018,0.203158369652979
Pagrus auratus,1953,1.86761327943385,0.213330985730345,1.86761327943385,0.213330985730345
Pagrus auratus,1954,1.764211056379,0.225834534039511,1.764211056379,0.225834534039511
Pagrus auratus,1955,1.71938137417861,0.208550475806763,1.71938137417861,0.208550475806763
Pagrus auratus,1956,1.65120400934245,0.217161417759051,1.65120400934245,0.217161417759051
Pagrus auratus,1957,1.49322809203995,0.266817764806721,1.49322809203995,0.266817764806721
Pagrus auratus,1958,1.47536506232116,0.27004826943501,1.47536506232116,0.27004826943501
Pagrus auratus,1959,1.27152309432098,0.31334057843241,1.27152309432098,0.31334057843241
Pagrus auratus,1960,1.23839470740755,0.321722775042178,1.23839470740755,0.321722775042178
Pagrus auratus,1961,1.20295579341147,0.331200684220343,1.20295579341147,0.331200684220343
Pagrus auratus,1962,1.03659492889186,0.384354361342112,1.03659492889186,0.384354361342112
Pagrus auratus,1963,0.996350780058476,0.3998790283893,0.996350780058476,0.3998790283893
Pagrus auratus,1964,0.909643119960278,0.437995707461738,0.909643119960278,0.437995707461738
Pagrus auratus,1965,0.816011410955913,0.488252708865894,0.816011410955913,0.488252708865894
Pagrus auratus,1966,0.648558177292478,0.430021325873317,0.648558177292478,0.430021325873317
Pagrus auratus,1967,0.576469821840908,0.622023547621531,0.576469821840908,0.622023547621531
Pagrus auratus,1968,0.501690272668721,0.635323909702816,0.501690272668721,0.635323909702816
Pagrus auratus,1969,0.51738068488423,0.539049592405443,0.51738068488423,0.539049592405443
Pagrus auratus,1970,0.699230629230377,0.512817643690624,0.699230629230377,0.512817643690624
Pagrus auratus,1971,0.731361673383155,0.490287933765402,0.731361673383155,0.490287933765402
Pagrus auratus,1972,0.794519768587749,0.551605859763793,0.794519768587749,0.551605859763793
Pagrus auratus,1973,0.69533231063957,0.515692710077592,0.69533231063957,0.515692710077592
Pagrus auratus,1974,0.617221922510841,0.537705590467697,0.617221922510841,0.537705590467697
Pagrus auratus,1975,0.604392677191504,0.46671843687946,0.604392677191504,0.46671843687946
Pagrus auratus,1976,0.689121044716399,0.445758628578968,0.689121044716399,0.445758628578968
Pagrus auratus,1977,0.733830089285452,0.623828780049481,0.733830089285452,0.623828780049481
Pagrus auratus,1978,0.612252889737875,0.708009271878465,0.612252889737875,0.708009271878465
Pagrus auratus,1979,0.604509545041549,0.6300798963174,0.604509545041549,0.6300798963174
Pagrus auratus,1980,0.715265536778662,0.741955430753557,0.715265536778662,0.741955430753557
Pagrus auratus,1981,0.730514403545893,0.721013780246498,0.730514403545893,0.721013780246498
Pagrus auratus,1982,0.700446128637553,0.668350105098903,0.700446128637553,0.668350105098903
Pagrus auratus,1983,0.698153588026271,0.741879330432698,0.698153588026271,0.741879330432698
Pagrus auratus,1984,0.764832799752008,0.782427888232332,0.764832799752008,0.782427888232332
Pagrus auratus,1985,0.789667128338425,0.798689083106332,0.789667128338425,0.798689083106332
Pagrus auratus,1986,0.874857948967767,1.0155661437455,0.874857948967767,1.0155661437455
Pagrus auratus,1987,1.13971791763549,0.995247246197625,1.13971791763549,0.995247246197625
Pagrus auratus,1988,1.00811635880311,1.18049853872305,1.00811635880311,1.18049853872305
Pagrus auratus,1989,0.912104934541532,0.979335948214842,0.912104934541532,0.979335948214842
Pagrus auratus,1990,0.838088244933828,1.04063135090351,0.838088244933828,1.04063135090351
Pagrus auratus,1991,0.707397791276063,1.06842618893956,0.707397791276063,1.06842618893956
Pagrus auratus,1992,0.754273444419291,0.93811274654709,0.754273444419291,0.93811274654709
Pagrus auratus,1993,0.825680953048465,1.11996323797202,0.825680953048465,1.11996323797202
Pagrus auratus,1994,0.881194610987389,1.1805270226098,0.881194610987389,1.1805270226098
Pagrus auratus,1995,0.945852251839374,1.27421575388436,0.945852251839374,1.27421575388436
Pagrus auratus,1996,0.958748136243986,1.36844734511858,0.958748136243986,1.36844734511858
Pagrus auratus,1997,0.824236823466578,1.5531006655919,0.824236823466578,1.5531006655919
Pagrus auratus,1998,0.673859317173999,1.47044044987459,0.673859317173999,1.47044044987459
Pagrus auratus,1999,0.6425663861938,1.60467527966032,0.6425663861938,1.60467527966032
Pagrus auratus,2000,0.609924407838496,1.63372355924389,0.609924407838496,1.63372355924389
Pagrus auratus,2001,0.711406240686385,1.89911390009692,0.711406240686385,1.89911390009692
Pagrus auratus,2002,0.749606304782738,1.8352880678846,0.749606304782738,1.8352880678846
Pagrus auratus,2003,0.715906479107318,2.21886477724761,0.715906479107318,2.21886477724761
Pagrus auratus,2004,0.619827201572518,2.17199316116708,0.619827201572518,2.17199316116708
Pagrus auratus,2005,0.509841570129879,2.08883727675062,0.509841570129879,2.08883727675062
Pagrus auratus,2006,0.536066186542528,2.0423925031081,0.536066186542528,2.0423925031081
Pagrus auratus,2007,0.474449835147167,2.1522821282096,0.474449835147167,2.1522821282096
Pagrus auratus,2008,0.375970064103958,1.98060070043032,0.375970064103958,1.98060070043032
Pagrus auratus,2009,0.325770182476296,1.76357860956384,0.325770182476296,1.76357860956384
Pagrus auratus,2010,0.329144682283403,1.92827879857404,0.329144682283403,1.92827879857404
Pagrus auratus,2011,0.306333418761106,2.09007751111832,0.306333418761106,2.09007751111832
Pagrus auratus,2012,0.280015872500337,2.31924082960221,0.280015872500337,2.31924082960221
Pagrus auratus,2013,0.235495822253656,2.06911268555622,0.235495822253656,2.06911268555622
Pagrus auratus,2014,0.228820916178915,2.13991762679972,0.228820916178915,2.13991762679972
Pagrus auratus,2015,0.201622635287936,2.2408596732671,0.201622635287936,2.2408596732671
Pagrus auratus,2016,0.187898751052815,1.78537352936309,0.187898751052815,1.78537352936309
Pagrus auratus,2017,0.182247471762297,1.49751076345951,0.182247471762297,1.49751076345951
Pagrus auratus,2018,0.182495966546868,1.31645171677105,0.182495966546868,1.31645171677105
Pagrus auratus,2019,0.182202009427622,1.08459951910352,0.182202009427622,1.08459951910352
Platycephalus,1951,1.74609621952759,0.0178139493827794,1.74609621952759,0.0178139493827794
Platycephalus,1952,2.29585797346151,0.0169353189698999,2.29585797346151,0.0169353189698999
Platycephalus,1953,2.49601590934683,0.0218081630499169,2.49601590934683,0.0218081630499169
Platycephalus,1954,2.04882743888602,0.0189772385669039,2.04882743888602,0.0189772385669039
Platycephalus,1955,2.06210955572373,0.0188550055365574,2.06210955572373,0.0188550055365574
Platycephalus,1956,1.22631536545038,0.0126822473845067,1.22631536545038,0.0126822473845067
Platycephalus,1957,1.01929612590159,0.0152580142716691,1.01929612590159,0.0152580142716691
Platycephalus,1958,1.19316172295019,0.0195519616539602,1.19316172295019,0.0195519616539602
Platycephalus,1959,1.07944140947578,0.0216117818431892,1.07944140947578,0.0216117818431892
Platycephalus,1960,1.05422556368421,0.0221287104560133,1.05422556368421,0.0221287104560133
Platycephalus,1961,0.920532560145548,0.0168950404465916,0.920532560145548,0.0168950404465916
Platycephalus,1962,0.995072451092521,0.0234441745708888,0.995072451092521,0.0234441745708888
Platycephalus,1963,1.44914701086693,0.037562456754238,1.44914701086693,0.037562456754238
Platycephalus,1964,1.55053919311167,0.0300910191212627,1.55053919311167,0.0300910191212627
Platycephalus,1965,1.58317865694875,0.0343824253108184,1.58317865694875,0.0343824253108184
Platycephalus,1966,1.39675851494427,0.0334039878826528,1.39675851494427,0.0334039878826528
Platycephalus,1967,1.37895964858423,0.0394743399359865,1.37895964858423,0.0394743399359865
Platycephalus,1968,1.4216307087141,0.0492293507261038,1.4216307087141,0.0492293507261038
Platycephalus,1969,1.6539390977861,0.0470163467835104,1.6539390977861,0.0470163467835104
Platycephalus,1970,2.15505649977336,0.0396919484975661,2.15505649977336,0.0396919484975661
Platycephalus,1971,1.78823149787371,0.0391369667996019,1.78823149787371,0.0391369667996019
Platycephalus,1972,1.43248004734894,0.0434279971015192,1.43248004734894,0.0434279971015192
Platycephalus,1973,0.334738275125137,0.0232307387469351,0.334738275125137,0.0232307387469351
Platycephalus,1974,0.234139398887191,0.0345403898412222,0.234139398887191,0.0345403898412222
Platycephalus,1975,0.195713371402535,0.0210583221883196,0.195713371402535,0.0210583221883196
Platycephalus,1976,0.309043331460712,0.0198781566688685,0.309043331460712,0.0198781566688685
Platycephalus,1977,0.847225258680383,0.0674616312921984,0.847225258680383,0.0674616312921984
Platycephalus,1978,1.09276325478079,0.0585655393063519,1.09276325478079,0.0585655393063519
Platycephalus,1979,1.36375894553695,0.0559941002000217,1.36375894553695,0.0559941002000217
Platycephalus,1980,1.62810066557996,0.0565030492279457,1.62810066557996,0.0565030492279457
Platycephalus,1981,1.58070904852226,0.0483581828614905,1.58070904852226,0.0483581828614905
Platycephalus,1982,1.37658818016091,0.0502752646128291,1.37658818016091,0.0502752646128291
Platycephalus,1983,1.43741603868014,0.0583182749535439,1.43741603868014,0.0583182749535439
Platycephalus,1984,1.57197283389611,0.0568386019189248,1.57197283389611,0.0568386019189248
Platycephalus,1985,1.55404654444084,0.0605966360976965,1.55404654444084,0.0605966360976965
Platycephalus,1986,1.62922883664326,0.0814264185410255,1.62922883664326,0.0814264185410255
Platycephalus,1987,2.29893011757263,0.0736716675596735,2.29893011757263,0.0736716675596735
Platycephalus,1988,1.819573003122,0.0976528931222619,1.819573003122,0.0976528931222619
Platycephalus,1989,1.70145987350719,0.0685548117159186,1.70145987350719,0.0685548117159186
Platycephalus,1990,1.81265802516827,0.0857990565242981,1.81265802516827,0.0857990565242981
Platycephalus,1991,1.19859104488989,0.0973169804394728,1.19859104488989,0.0973169804394728
Platycephalus,1992,0.802109656200748,0.0636942194144115,0.802109656200748,0.0636942194144115
Platycephalus,1993,0.63422924390442,0.0663314355745661,0.63422924390442,0.0663314355745661
Platycephalus,1994,0.610758157450946,0.0585675355892714,0.610758157450946,0.0585675355892714
Platycephalus,1995,1.00054909931618,0.105698517901331,1.00054909931618,0.105698517901331
Platycephalus,1996,1.15492468274861,0.110422755319604,1.15492468274861,0.110422755319604
Platycephalus,1997,1.10675918181034,0.103775720275896,1.10675918181034,0.103775720275896
Platycephalus,1998,0.945400734429463,0.0813483504545258,0.945400734429463,0.0813483504545258
Platycephalus,1999,1.47816685513749,0.163187439543088,1.47816685513749,0.163187439543088
Platycephalus,2000,1.45058198043785,0.149136258058538,1.45058198043785,0.149136258058538
Platycephalus,2001,1.4624549288629,0.129315169906519,1.4624549288629,0.129315169906519
Platycephalus,2002,1.67451302000312,0.133557643488599,1.67451302000312,0.133557643488599
Platycephalus,2003,1.70525665277216,0.17241907844066,1.70525665277216,0.17241907844066
Platycephalus,2004,2.05432148350752,0.201377812557825,2.05432148350752,0.201377812557825
Platycephalus,2005,1.75735179939827,0.224080147289782,1.75735179939827,0.224080147289782
Platycephalus,2006,1.91320710597287,0.14949206269531,1.91320710597287,0.14949206269531
Platycephalus,2007,1.63698744207955,0.145882387835783,1.63698744207955,0.145882387835783
Platycephalus,2008,1.72537562257722,0.152335610454998,1.72537562257722,0.152335610454998
Platycephalus,2009,1.79570379956894,0.159707240384441,1.79570379956894,0.159707240384441
Platycephalus,2010,1.83776053324372,0.156940960923633,1.83776053324372,0.156940960923633
Platycephalus,2011,1.72650131607118,0.166514068230679,1.72650131607118,0.166514068230679
Platycephalus,2012,1.6103172016601,0.187799704974578,1.6103172016601,0.187799704974578
Platycephalus,2013,1.62482106554725,0.1777480123994,1.62482106554725,0.1777480123994
Platycephalus,2014,1.58078895464274,0.161841688165809,1.58078895464274,0.161841688165809
Platycephalus,2015,1.56212395242816,0.17726576807537,1.56212395242816,0.17726576807537
Platycephalus,2016,1.54051019639228,0.181216720253537,1.54051019639228,0.181216720253537
Platycephalus,2017,1.4307087956563,0.195885337810693,1.4307087956563,0.195885337810693
Platycephalus,2018,1.38830241814271,0.166356878946099,1.38830241814271,0.166356878946099
Platycephalus,2019,1.13508738784675,0.179969607414292,1.13508738784675,0.179969607414292
Pleuronectiformes,1951,1.5234499257832,0.0032473717120762,1.5234499257832,0.0032473717120762
Pleuronectiformes,1952,1.3055521911972,0.00663138126337837,1.3055521911972,0.00663138126337837
Pleuronectiformes,1953,0.94043803009036,0.00657567010725524,0.94043803009036,0.00657567010725524
Pleuronectiformes,1954,0.758072571992915,0.00489452630578671,0.758072571992915,0.00489452630578671
Pleuronectiformes,1955,1.00452243441992,0.00738740324392526,1.00452243441992,0.00738740324392526
Pleuronectiformes,1956,1.17572053952037,0.00946757163950292,1.17572053952037,0.00946757163950292
Pleuronectiformes,1957,0.901966444119602,0.00548491379696709,0.901966444119602,0.00548491379696709
Pleuronectiformes,1958,1.35650016911768,0.0118528747697504,1.35650016911768,0.0118528747697504
Pleuronectiformes,1959,1.25107757749037,0.00988589413391318,1.25107757749037,0.00988589413391318
Pleuronectiformes,1960,1.37987683111055,0.0125483871369879,1.37987683111055,0.0125483871369879
Pleuronectiformes,1961,1.18487304807604,0.00835061309190225,1.18487304807604,0.00835061309190225
Pleuronectiformes,1962,1.25820246601186,0.0167108517042534,1.25820246601186,0.0167108517042534
Pleuronectiformes,1963,1.07523161988472,0.0115026569677223,1.07523161988472,0.0115026569677223
Pleuronectiformes,1964,1.10241141610632,0.0157066848412112,1.10241141610632,0.0157066848412112
Pleuronectiformes,1965,0.977398909080942,0.0139194165313867,0.977398909080942,0.0139194165313867
Pleuronectiformes,1966,0.906673995790416,0.0163693065535869,0.906673995790416,0.0163693065535869
Pleuronectiformes,1967,0.840763933598547,0.0205946377885461,0.840763933598547,0.0205946377885461
Pleuronectiformes,1968,0.754640186782686,0.0245839421906058,0.754640186782686,0.0245839421906058
Pleuronectiformes,1969,0.714068882891682,0.0173204865534779,0.714068882891682,0.0173204865534779
Pleuronectiformes,1970,0.927194278210908,0.0170741629796904,0.927194278210908,0.0170741629796904
Pleuronectiformes,1971,0.954484554990137,0.0152902046400552,0.954484554990137,0.0152902046400552
Pleuronectiformes,1972,1.08832539124227,0.0138644059142304,1.08832539124227,0.0138644059142304
Pleuronectiformes,1973,1.49933262540362,0.0170754654230108,1.49933262540362,0.0170754654230108
Pleuronectiformes,1974,2.09180864969816,0.0252704374073019,2.09180864969816,0.0252704374073019
Pleuronectiformes,1975,2.17364866193616,0.0200059746474178,2.17364866193616,0.0200059746474178
Pleuronectiformes,1976,2.1686389005383,0.0160314866495151,2.1686389005383,0.0160314866495151
Pleuronectiformes,1977,1.96513021350445,0.0190448600955554,1.96513021350445,0.0190448600955554
Pleuronectiformes,1978,1.51223565859159,0.0212235526748944,1.51223565859159,0.0212235526748944
Pleuronectiformes,1979,1.90439593668206,0.0317059466688178,1.90439593668206,0.0317059466688178
Pleuronectiformes,1980,1.83112010983745,0.0223298709362095,1.83112010983745,0.0223298709362095
Pleuronectiformes,1981,1.90095002757139,0.0266169920659359,1.90095002757139,0.0266169920659359
Pleuronectiformes,1982,1.63051769664261,0.0237648498126441,1.63051769664261,0.0237648498126441
Pleuronectiformes,1983,1.40581799884295,0.0230764706080272,1.40581799884295,0.0230764706080272
Pleuronectiformes,1984,1.61879782167072,0.02803971846888,1.61879782167072,0.02803971846888
Pleuronectiformes,1985,1.69223146464933,0.0319463493420139,1.69223146464933,0.0319463493420139
Pleuronectiformes,1986,1.62369286561884,0.037019673379663,1.62369286561884,0.037019673379663
Pleuronectiformes,1987,1.91752638357181,0.0323273354665699,1.91752638357181,0.0323273354665699
Pleuronectiformes,1988,1.53057260585823,0.0285974179380311,1.53057260585823,0.0285974179380311
Pleuronectiformes,1989,2.34832862045571,0.0479114725964514,2.34832862045571,0.0479114725964514
Pleuronectiformes,1990,2.1644212252118,0.0379139767056418,2.1644212252118,0.0379139767056418
Pleuronectiformes,1991,1.70991032887253,0.0398039684165391,1.70991032887253,0.0398039684165391
Pleuronectiformes,1992,1.90912582147896,0.0376263639437053,1.90912582147896,0.0376263639437053
Pleuronectiformes,1993,1.85495117373847,0.0405255025406262,1.85495117373847,0.0405255025406262
Pleuronectiformes,1994,1.76380339629987,0.0378795316965556,1.76380339629987,0.0378795316965556
Pleuronectiformes,1995,2.07130061471746,0.0476198204462001,2.07130061471746,0.0476198204462001
Pleuronectiformes,1996,2.2935927111334,0.0520368752023593,2.2935927111334,0.0520368752023593
Pleuronectiformes,1997,2.18001782757458,0.0601773029644437,2.18001782757458,0.0601773029644437
Pleuronectiformes,1998,1.84104465301962,0.0599642983468803,1.84104465301962,0.0599642983468803
Pleuronectiformes,1999,1.70097260467468,0.0608885782472824,1.70097260467468,0.0608885782472824
Pleuronectiformes,2000,1.47862037352574,0.0693088094608272,1.47862037352574,0.0693088094608272
Pleuronectiformes,2001,1.38807891158244,0.06174748513329,1.38807891158244,0.06174748513329
Pleuronectiformes,2002,1.57672642742753,0.0654905005889835,1.57672642742753,0.0654905005889835
Pleuronectiformes,2003,1.6015411633413,0.0782837347674629,1.6015411633413,0.0782837347674629
Pleuronectiformes,2004,1.74965918958314,0.0825849880818591,1.74965918958314,0.0825849880818591
Pleuronectiformes,2005,1.62129572399066,0.0854618509357974,1.62129572399066,0.0854618509357974
Pleuronectiformes,2006,2.06363899134732,0.0716679562522147,2.06363899134732,0.0716679562522147
Pleuronectiformes,2007,2.46292168200265,0.0881707710202992,2.46292168200265,0.0881707710202992
Pleuronectiformes,2008,2.48503062095844,0.0859131343496548,2.48503062095844,0.0859131343496548
Pleuronectiformes,2009,2.59137727483154,0.0891360562623366,2.59137727483154,0.0891360562623366
Pleuronectiformes,2010,3.12060106475994,0.11285230247763,3.12060106475994,0.11285230247763
Pleuronectiformes,2011,2.86168156639576,0.107326774682167,2.86168156639576,0.107326774682167
Pleuronectiformes,2012,2.19139096371571,0.0823108307603811,2.19139096371571,0.0823108307603811
Pleuronectiformes,2013,2.33697884073402,0.0974579201360526,2.33697884073402,0.0974579201360526
Pleuronectiformes,2014,2.53115451996413,0.0974477972698139,2.53115451996413,0.0974477972698139
Pleuronectiformes,2015,2.05257849581597,0.0920591428515751,2.05257849581597,0.0920591428515751
Pleuronectiformes,2016,1.86978230421724,0.104313578430384,1.86978230421724,0.104313578430384
Pleuronectiformes,2017,1.75422338613592,0.104007841963287,1.75422338613592,0.104007841963287
Pleuronectiformes,2018,1.68787398131357,0.125865728254726,1.68787398131357,0.125865728254726
Pleuronectiformes,2019,1.63399185975488,0.127768192069019,1.63399185975488,0.127768192069019
Sillago sihama,1951,1.79169930202856,0.02472250735227,1.79169930202856,0.02472250735227
Sillago sihama,1952,2.1651103222436,0.0255733499538011,2.1651103222436,0.0255733499538011
Sillago sihama,1953,1.84640190826057,0.0239900635767795,1.84640190826057,0.0239900635767795
Sillago sihama,1954,1.80035322776807,0.0246036713708519,1.80035322776807,0.0246036713708519
Sillago sihama,1955,1.93367199089833,0.0257707676368834,1.93367199089833,0.0257707676368834
Sillago sihama,1956,1.76503583292645,0.025095977283371,1.76503583292645,0.025095977283371
Sillago sihama,1957,1.53705124555621,0.0288183619742809,1.53705124555621,0.0288183619742809
Sillago sihama,1958,1.58970512185313,0.0313468270802957,1.58970512185313,0.0313468270802957
Sillago sihama,1959,1.42525393368963,0.0349637425201747,1.42525393368963,0.0349637425201747
Sillago sihama,1960,1.49095525728651,0.0371366770992797,1.49095525728651,0.0371366770992797
Sillago sihama,1961,1.50786993957005,0.0367200926991822,1.50786993957005,0.0367200926991822
Sillago sihama,1962,1.35637381056987,0.0449035773771434,1.35637381056987,0.0449035773771434
Sillago sihama,1963,1.37693523296578,0.0482542295094561,1.37693523296578,0.0482542295094561
Sillago sihama,1964,1.29524082042801,0.0470229438376785,1.29524082042801,0.0470229438376785
Sillago sihama,1965,1.28318531484344,0.0517796985225739,1.28318531484344,0.0517796985225739
Sillago sihama,1966,1.15648157808006,0.0574526650580053,1.15648157808006,0.0574526650580053
Sillago sihama,1967,1.02168742175288,0.0650325601906629,1.02168742175288,0.0650325601906629
Sillago sihama,1968,0.956019806699313,0.0752911818800409,0.956019806699313,0.0752911818800409
Sillago sihama,1969,1.08227613599742,0.0665078520656684,1.08227613599742,0.0665078520656684
Sillago sihama,1970,1.48845216355387,0.0632385192051502,1.48845216355387,0.0632385192051502
Sillago sihama,1971,1.39924825264485,0.0553988710698978,1.39924825264485,0.0553988710698978
Sillago sihama,1972,1.3757039501861,0.0563469876876967,1.3757039501861,0.0563469876876967
Sillago sihama,1973,1.33488642439479,0.0539220864275054,1.33488642439479,0.0539220864275054
Sillago sihama,1974,1.38447520110235,0.0613090555627559,1.38447520110235,0.0613090555627559
Sillago sihama,1975,1.63992873401602,0.0640824171776283,1.63992873401602,0.0640824171776283
Sillago sihama,1976,1.87055848653386,0.0504389399775007,1.87055848653386,0.0504389399775007
Sillago sihama,1977,2.12613957456514,0.0719022180295748,2.12613957456514,0.0719022180295748
Sillago sihama,1978,1.7097198414059,0.0915521418434802,1.7097198414059,0.0915521418434802
Sillago sihama,1979,1.57844661567561,0.0826443256000322,1.57844661567561,0.0826443256000322
Sillago sihama,1980,1.63809152076549,0.0754100207389653,1.63809152076549,0.0754100207389653
Sillago sihama,1981,1.79896491306196,0.0850712860002828,1.79896491306196,0.0850712860002828
Sillago sihama,1982,1.82978302634023,0.0853632897675631,1.82978302634023,0.0853632897675631
Sillago sihama,1983,1.69794538827822,0.0933283448723118,1.69794538827822,0.0933283448723118
Sillago sihama,1984,1.73731526680891,0.0894286516662195,1.73731526680891,0.0894286516662195
Sillago sihama,1985,1.80700029404063,0.10460993826096,1.80700029404063,0.10460993826096
Sillago sihama,1986,1.87973740940757,0.131196026040971,1.87973740940757,0.131196026040971
Sillago sihama,1987,2.36854721065716,0.113915289439774,2.36854721065716,0.113915289439774
Sillago sihama,1988,1.99816071009662,0.143316354720922,1.99816071009662,0.143316354720922
Sillago sihama,1989,1.93260301813063,0.102423837848523,1.93260301813063,0.102423837848523
Sillago sihama,1990,2.40357587722026,0.145381115120613,2.40357587722026,0.145381115120613
Sillago sihama,1991,1.9408775007207,0.17804251041182,1.9408775007207,0.17804251041182
Sillago sihama,1992,1.46655708470422,0.104655463613404,1.46655708470422,0.104655463613404
Sillago sihama,1993,1.33299514791146,0.123532163573909,1.33299514791146,0.123532163573909
Sillago sihama,1994,1.32944773499402,0.128193203133,1.32944773499402,0.128193203133
Sillago sihama,1995,1.50780626925884,0.151513500184915,1.50780626925884,0.151513500184915
Sillago sihama,1996,1.59685379664517,0.150137919481141,1.59685379664517,0.150137919481141
Sillago sihama,1997,1.66100722549139,0.185007405902964,1.66100722549139,0.185007405902964
Sillago sihama,1998,1.63196665206258,0.179885474290361,1.63196665206258,0.179885474290361
Sillago sihama,1999,1.96088851516391,0.228548275876508,1.96088851516391,0.228548275876508
Sillago sihama,2000,1.93205824841812,0.235913502507665,1.93205824841812,0.235913502507665
Sillago sihama,2001,2.18693548497387,0.253890239963216,2.18693548497387,0.253890239963216
Sillago sihama,2002,2.47303859917733,0.251026659284023,2.47303859917733,0.251026659284023
Sillago sihama,2003,2.352019070657,0.318558210162922,2.352019070657,0.318558210162922
Sillago sihama,2004,2.12142696341078,0.273631808024275,2.12142696341078,0.273631808024275
Sillago sihama,2005,1.88904892849674,0.304947297543642,1.88904892849674,0.304947297543642
Sillago sihama,2006,2.25927395953832,0.297716934689631,2.25927395953832,0.297716934689631
Sillago sihama,2007,1.6731260151973,0.28344341215427,1.6731260151973,0.28344341215427
Sillago sihama,2008,1.06064850280556,0.205523545690439,1.06064850280556,0.205523545690439
Sillago sihama,2009,0.921087116413457,0.229450550753189,0.921087116413457,0.229450550753189
Sillago sihama,2010,0.910482362091795,0.227683707817729,0.910482362091795,0.227683707817729
Sillago sihama,2011,0.928764139417314,0.286573703243373,0.928764139417314,0.286573703243373
Sillago sihama,2012,0.780116191537466,0.265519284151248,0.780116191537466,0.265519284151248
Sillago sihama,2013,0.70233153014657,0.26268209971146,0.70233153014657,0.26268209971146
Sillago sihama,2014,0.73013614404513,0.256091323701235,0.73013614404513,0.256091323701235
Sillago sihama,2015,0.738988905014984,0.257518993528507,0.738988905014984,0.257518993528507
Sillago sihama,2016,0.870828336132746,0.195515062051177,0.870828336132746,0.195515062051177
Sillago sihama,2017,1.00818302446546,0.158168778022619,1.00818302446546,0.158168778022619
Sillago sihama,2018,1.13459975537998,0.117950997235024,1.13459975537998,0.117950997235024
Sillago sihama,2019,1.25740534125033,0.109909930289501,1.25740534125033,0.109909930289501
